id;ext_user_id;first_name;middle_name;last_name;email;phone;gender;active;verified;created_by;created_at;modified_by;modified_at
1;Assistant;Kiana;Money Market Account;Kling;Michelle63@hotmail.com;429-112-8337 x3268;FEMALE;true;false;Consultant Malta;2020-01-31;deposit multi-byte indexing;2020-01-31
2;dedicated;Dorothea;synthesize mobile;Dickens;Bethel_Sawayn@hotmail.com;894-026-8330;FEMALE;true;false;database protocol Tennessee;2020-01-30;transmit;2020-01-31
3;Compatible primary;Alexanne;Yuan Renminbi Algerian Dinar;Moore;Olen67@hotmail.com;641.029.1736 x8690;MALE;true;true;Rhode Island Court;2020-01-30;FTP Rustic;2020-01-31
4;application;Arnulfo;Hat Hat relationships;Cruickshank;Clinton77@yahoo.com;746.082.3886;FEMALE;false;false;Liaison Auto Loan Account;2020-01-31;Cotton;2020-01-31
5;approach maroon Branding;Allene;Central transmitting;Fahey;Kali27@hotmail.com;(806) 185-2428 x2963;MALE;true;false;Manat;2020-01-31;Checking Account overriding Analyst;2020-01-30
6;SAS Kids Future;Julius;parsing;Mayert;Marge_Ortiz@yahoo.com;1-866-187-5496 x44990;FEMALE;true;true;scale;2020-01-31;generating;2020-01-31
7;Fantastic Wooden Sausages Specialist South Carolina;Rodolfo;monitor transmitter;Satterfield;Keeley.Wintheiser27@gmail.com;708-780-1137 x757;MALE;false;true;Fantastic invoice;2020-01-30;Freeway needs-based;2020-01-31
8;program Infrastructure;Isaias;Metal;Crist;Isabell6@hotmail.com;069-747-6249 x24572;MALE;true;true;Parkway array;2020-01-31;Future optimize;2020-01-30
9;harness;Rene;Philippine Peso Cambridgeshire uniform;Kuvalis;Kristoffer9@hotmail.com;(989) 898-9703;MALE;true;false;Kiribati parse;2020-01-31;Practical Frozen Bacon Netherlands Antillian Guilder Avon;2020-01-31
10;open-source Solutions;Jairo;redundant backing up e-tailers;Abernathy;Katrina99@yahoo.com;(420) 491-2842 x686;FEMALE;true;true;Web Georgia Syrian Pound;2020-01-30;haptic hacking Markets;2020-01-31
